Unique ID,Parent,Name,Tier 1,Tier 2,Tier 3,Tier 4,Extension
150,,Attractions,Attractions,,,,
151,150,Amusement and Theme Parks,Attractions,Amusement and Theme Parks,,,
179,150,Bars & Restaurants,Attractions,Bars & Restaurants,,,
181,150,Casinos & Gambling,Attractions,Casinos & Gambling,,,
153,150,Historic Site and Landmark Tours,Attractions,Historic Site and Landmark Tours,,,
154,150,Malls & Shopping Centers,Attractions,Malls & Shopping Centers,,,
155,150,Museums & Galleries,Attractions,Museums & Galleries,,,
158,150,Nightclubs,Attractions,Nightclubs,,,
159,150,Outdoor Activities,Attractions,Outdoor Activities,,,
160,150,Parks & Nature,Attractions,Parks & Nature,,,
177,150,Theater Venues,Attractions,Theater Venues,,,
178,150,Zoos & Aquariums,Attractions,Zoos & Aquariums,,,
1,,Automotive,Automotive,,,,
2,1,Auto Body Styles,Automotive,Auto Body Styles,,,
3,2,Commercial Trucks,Automotive,Auto Body Styles,Commercial Trucks,,
8,2,Convertible,Automotive,Auto Body Styles,Convertible,,
9,2,Coupe,Automotive,Auto Body Styles,Coupe,,
10,2,Crossover,Automotive,Auto Body Styles,Crossover,,
11,2,Hatchback,Automotive,Auto Body Styles,Hatchback,,
12,2,Microcar,Automotive,Auto Body Styles,Microcar,,
13,2,Minivan,Automotive,Auto Body Styles,Minivan,,
14,2,Off-Road Vehicles,Automotive,Auto Body Styles,Off-Road Vehicles,,
15,2,Pickup Trucks,Automotive,Auto Body Styles,Pickup Trucks,,
4,2,Sedan,Automotive,Auto Body Styles,Sedan,,
5,2,Station Wagon,Automotive,Auto Body Styles,Station Wagon,,
6,2,SUV,Automotive,Auto Body Styles,SUV,,
7,2,Van,Automotive,Auto Body Styles,Van,,
30,1,Auto Buying and Selling,Automotive,Auto Buying and Selling,,,
31,1,Auto Insurance,Automotive,Auto Insurance,,,
32,1,Auto Parts,Automotive,Auto Parts,,,
33,1,Auto Recalls,Automotive,Auto Recalls,,,
41,1,Auto Rentals,Automotive,Auto Rentals,,,
34,1,Auto Repair,Automotive,Auto Repair,,,
35,1,Auto Safety,Automotive,Auto Safety,,,
36,1,Auto Shows,Automotive,Auto Shows,,,
37,1,Auto Technology,Automotive,Auto Technology,,,
38,37,Auto Infotainment Technologies,Automotive,Auto Technology,Auto Infotainment Technologies,,
39,37,Auto Navigation Systems,Automotive,Auto Technology,Auto Navigation Systems,,
40,37,Auto Safety Technologies,Automotive,Auto Technology,Auto Safety Technologies,,
16,1,Auto Type,Automotive,Auto Type,,,
17,16,Budget Cars,Automotive,Auto Type,Budget Cars,,
18,16,Certified Pre-Owned Cars,Automotive,Auto Type,Certified Pre-Owned Cars,,
19,16,Classic Cars,Automotive,Auto Type,Classic Cars,,
20,16,Concept Cars,Automotive,Auto Type,Concept Cars,,
21,16,Driverless Cars,Automotive,Auto Type,Driverless Cars,,
22,16,Green Vehicles,Automotive,Auto Type,Green Vehicles,,
23,16,Luxury Cars,Automotive,Auto Type,Luxury Cars,,
24,16,Performance Cars,Automotive,Auto Type,Performance Cars,,
25,1,Car Culture,Automotive,Car Culture,,,
26,1,Dash Cam Videos,Automotive,Dash Cam Videos,,,
27,1,Motorcycles,Automotive,Motorcycles,,,
28,1,Road-Side Assistance,Automotive,Road-Side Assistance,,,
29,1,Scooters,Automotive,Scooters,,,
42,,Books and Literature,Books and Literature,,,,
43,42,Art and Photography,Books and Literature,Art and Photography,,,
46,42,Comics and Graphic Novels,Books and Literature,Comics and Graphic Novels,,,
48,42,Fiction,Books and Literature,Fiction,,,
49,42,Poetry,Books and Literature,Poetry,,,
52,,Business and Finance,Business and Finance,,,,
53,52,Business,Business and Finance,Business,,,
54,53,Business Accounting & Finance,Business and Finance,Business,Business Accounting & Finance,,
62,53,Business Administration,Business and Finance,Business,Business Administration,,
63,53,Business Banking & Finance,Business and Finance,Business,Business Banking & Finance,,
64,63,Angel Investment,Business and Finance,Business,Business Banking & Finance,Angel Investment,
65,63,Bankruptcy,Business and Finance,Business,Business Banking & Finance,Bankruptcy,
66,63,Business Loans,Business and Finance,Business,Business Banking & Finance,Business Loans,
67,63,Debt Factoring & Invoice Discounting,Business and Finance,Business,Business Banking & Finance,Debt Factoring & Invoice Discounting,
68,63,Mergers and Acquisitions,Business and Finance,Business,Business Banking & Finance,Mergers and Acquisitions,
69,63,Private Equity,Business and Finance,Business,Business Banking & Finance,Private Equity,
70,63,Sale & Lease Back,Business and Finance,Business,Business Banking & Finance,Sale & Lease Back,
71,63,Venture Capital,Business and Finance,Business,Business Banking & Finance,Venture Capital,
72,53,Business I.T.,Business and Finance,Business,Business I.T.,,
73,53,Business Operations,Business and Finance,Business,Business Operations,,
79,53,Business Utilities,Business and Finance,Business,Business Utilities,,
74,53,Consumer Issues,Business and Finance,Business,Consumer Issues,,
75,74,Recalls,Business and Finance,Business,Consumer Issues,Recalls,
76,53,Executive Leadership & Management,Business and Finance,Business,Executive Leadership & Management,,
77,53,Government Business,Business and Finance,Business,Government Business,,
78,53,Green Solutions,Business and Finance,Business,Green Solutions,,
55,53,Human Resources,Business and Finance,Business,Human Resources,,
56,53,Large Business,Business and Finance,Business,Large Business,,
57,53,Logistics,Business and Finance,Business,Logistics,,
58,53,Marketing and Advertising,Business and Finance,Business,Marketing and Advertising,,
59,53,Sales,Business and Finance,Business,Sales,,
60,53,Small and Medium-sized Business,Business and Finance,Business,Small and Medium-sized Business,,
61,53,Startups,Business and Finance,Business,Startups,,
80,52,Economy,Business and Finance,Economy,,,
81,80,Commodities,Business and Finance,Economy,Commodities,,
82,80,Currencies,Business and Finance,Economy,Currencies,,
83,80,Financial Crisis,Business and Finance,Economy,Financial Crisis,,
84,80,Financial Reform,Business and Finance,Economy,Financial Reform,,
85,80,Financial Regulation,Business and Finance,Economy,Financial Regulation,,
86,80,Gasoline Prices,Business and Finance,Economy,Gasoline Prices,,
87,80,Housing Market,Business and Finance,Economy,Housing Market,,
88,80,Interest Rates,Business and Finance,Economy,Interest Rates,,
89,80,Job Market,Business and Finance,Economy,Job Market,,
90,52,Industries,Business and Finance,Industries,,,
91,90,Advertising Industry,Business and Finance,Industries,Advertising Industry,,
102,90,Agriculture,Business and Finance,Industries,Agriculture,,
113,90,Apparel Industry,Business and Finance,Industries,Apparel Industry,,
117,90,Automotive Industry,Business and Finance,Industries,Automotive Industry,,
118,90,Aviation Industry,Business and Finance,Industries,Aviation Industry,,
119,90,Biotech and Biomedical Industry,Business and Finance,Industries,Biotech and Biomedical Industry,,
120,90,Civil Engineering Industry,Business and Finance,Industries,Civil Engineering Industry,,
121,90,Construction Industry,Business and Finance,Industries,Construction Industry,,
122,90,Defense Industry,Business and Finance,Industries,Defense Industry,,
92,90,Education industry,Business and Finance,Industries,Education industry,,
93,90,Entertainment Industry,Business and Finance,Industries,Entertainment Industry,,
94,90,Environmental Services Industry,Business and Finance,Industries,Environmental Services Industry,,
95,90,Financial Industry,Business and Finance,Industries,Financial Industry,,
96,90,Food Industry,Business and Finance,Industries,Food Industry,,
97,90,Healthcare Industry,Business and Finance,Industries,Healthcare Industry,,
98,90,Hospitality Industry,Business and Finance,Industries,Hospitality Industry,,
99,90,Information Services Industry,Business and Finance,Industries,Information Services Industry,,
100,90,Legal Services Industry,Business and Finance,Industries,Legal Services Industry,,
101,90,Logistics and Transportation Industry,Business and Finance,Industries,Logistics and Transportation Industry,,
103,90,Management Consulting Industry,Business and Finance,Industries,Management Consulting Industry,,
104,90,Manufacturing Industry,Business and Finance,Industries,Manufacturing Industry,,
105,90,Mechanical and Industrial Engineering Industry,Business and Finance,Industries,Mechanical and Industrial Engineering Industry,,
106,90,Media Industry,Business and Finance,Industries,Media Industry,,
107,90,Metals Industry,Business and Finance,Industries,Metals Industry,,
108,90,Non-Profit Organizations,Business and Finance,Industries,Non-Profit Organizations,,
109,90,Pharmaceutical Industry,Business and Finance,Industries,Pharmaceutical Industry,,
110,90,Power and Energy Industry,Business and Finance,Industries,Power and Energy Industry,,
111,90,Publishing Industry,Business and Finance,Industries,Publishing Industry,,
112,90,Real Estate Industry,Business and Finance,Industries,Real Estate Industry,,
114,90,Retail Industry,Business and Finance,Industries,Retail Industry,,
115,90,Technology Industry,Business and Finance,Industries,Technology Industry,,
116,90,Telecommunications Industry,Business and Finance,Industries,Telecommunications Industry,,
123,,Careers,Careers,,,,
124,123,Apprenticeships,Careers,Apprenticeships,,,
125,123,Career Advice,Careers,Career Advice,,,
126,123,Career Planning,Careers,Career Planning,,,
127,123,Job Search,Careers,Job Search,,,
128,127,Job Fairs,Careers,Job Search,Job Fairs,,
129,127,Resume Writing and Advice,Careers,Job Search,Resume Writing and Advice,,
130,123,Remote Working,Careers,Remote Working,,,
131,123,Vocational Training,Careers,Vocational Training,,,
80DV8O,,Communication,Communication,,,,
380,,Crime,Crime,,,,
381,,Disasters,Disasters,,,,
132,,Education,Education,,,,
133,132,Adult Education,Education,Adult Education,,,
137,132,College Education,Education,College Education,,,
138,137,College Planning,Education,College Education,College Planning,,
139,137,Postgraduate Education,Education,College Education,Postgraduate Education,,
140,139,Professional School,Education,College Education,Postgraduate Education,Professional School,
141,137,Undergraduate Education,Education,College Education,Undergraduate Education,,
142,132,Early Childhood Education,Education,Early Childhood Education,,,
143,132,Educational Assessment,Education,Educational Assessment,,,
144,143,Standardized Testing,Education,Educational Assessment,Standardized Testing,,
145,132,Homeschooling,Education,Homeschooling,,,
146,132,Homework and Study,Education,Homework and Study,,,
147,132,Language Learning,Education,Language Learning,,,
148,132,Online Education,Education,Online Education,,,
149,132,Primary Education,Education,Primary Education,,,
134,132,Private School,Education,Private School,,,
135,132,Secondary Education,Education,Secondary Education,,,SCD
136,132,Special Education,Education,Special Education,,,
JLBCU7,,Entertainment,Entertainment,,,,
324,JLBCU7,Movies,Entertainment,Movies,,,
338,JLBCU7,Music,Entertainment,Music,,,
640,JLBCU7,Television,Entertainment,Television,,,
8VZQHL,,Events,Events,,,,
162,8VZQHL,Awards Shows,Events,Awards Shows,,,
180,8VZQHL,Business Expos & Conferences,Events,Business Expos & Conferences,,,
185,8VZQHL,Fan Conventions,Events,Fan Conventions,,,
186,,Family and Relationships,Family and Relationships,,,,SCD
187,186,Bereavement,Family and Relationships,Bereavement,,,SCD
188,186,Dating,Family and Relationships,Dating,,,
189,186,Divorce,Family and Relationships,Divorce,,,
190,186,Eldercare,Family and Relationships,Eldercare,,,
191,186,Marriage and Civil Unions,Family and Relationships,Marriage and Civil Unions,,,
192,186,Parenting,Family and Relationships,Parenting,,,
193,192,Adoption and Fostering,Family and Relationships,Parenting,Adoption and Fostering,,
194,192,Daycare and Pre-School,Family and Relationships,Parenting,Daycare and Pre-School,,
195,192,Internet Safety,Family and Relationships,Parenting,Internet Safety,,
196,192,Parenting Babies and Toddlers,Family and Relationships,Parenting,Parenting Babies and Toddlers,,
197,192,Parenting Children Aged 4-11,Family and Relationships,Parenting,Parenting Children Aged 4-11,,SCD
198,192,Parenting Teens,Family and Relationships,Parenting,Parenting Teens,,SCD
199,192,Special Needs Kids,Family and Relationships,Parenting,Special Needs Kids,,
200,186,Single Life,Family and Relationships,Single Life,,,
201,,Fine Art,Fine Art,,,,
202,201,Costume,Fine Art,Costume,,,
203,201,Dance,Fine Art,Dance,,,
204,201,Design,Fine Art,Design,,,
205,201,Digital Arts,Fine Art,Digital Arts,,,
206,201,Fine Art Photography,Fine Art,Fine Art Photography,,,
207,201,Modern Art,Fine Art,Modern Art,,,
208,201,Opera,Fine Art,Opera,,,
209,201,Theater,Fine Art,Theater,,,SCD
210,,Food & Drink,Food & Drink,,,,
211,210,Alcoholic Beverages,Food & Drink,Alcoholic Beverages,,,
215,210,Barbecues and Grilling,Food & Drink,Barbecues and Grilling,,,
216,210,Cooking,Food & Drink,Cooking,,,
217,210,Desserts and Baking,Food & Drink,Desserts and Baking,,,
218,210,Dining Out,Food & Drink,Dining Out,,,
219,210,Food Allergies,Food & Drink,Food Allergies,,,
220,210,Food Movements,Food & Drink,Food Movements,,,
221,210,Healthy Cooking and Eating,Food & Drink,Healthy Cooking and Eating,,,
222,210,Non-Alcoholic Beverages,Food & Drink,Non-Alcoholic Beverages,,,
212,210,Vegan Diets,Food & Drink,Vegan Diets,,,SCD
213,210,Vegetarian Diets,Food & Drink,Vegetarian Diets,,,
214,210,World Cuisines,Food & Drink,World Cuisines,,,
SPSHQ5,,Genres,Genres,,,,
VKIV56,SPSHQ5,Nature,Genres,Nature,,,
325,SPSHQ5,Action/Adventure,Genres,Action/Adventure,,,
641,SPSHQ5,Animation & Anime,Genres,Animation & Anime,,,
44,SPSHQ5,Biographies,Genres,Biographies,,,
646,SPSHQ5,Comedy,Genres,Comedy,,,
332,SPSHQ5,Documentary,Genres,Documentary,,,
647,SPSHQ5,Drama,Genres,Drama,,,
648,SPSHQ5,Factual,Genres,Factual,,,
645,SPSHQ5,Family/Children,Genres,Family/Children,,,
335,SPSHQ5,Fantasy,Genres,Fantasy,,,
EZWB7V,SPSHQ5,History,Genres,History,,,
649,SPSHQ5,Holiday,Genres,Holiday,,,
336,SPSHQ5,Horror,Genres,Horror,,,
TIFQA5,SPSHQ5,Lifestyle,Genres,Lifestyle,,,
650,SPSHQ5,Music Video,Genres,Music Video,,,
156,SPSHQ5,Musical,Genres,Musical,,,
331,SPSHQ5,Mystery,Genres,Mystery,,,
651,SPSHQ5,Reality TV,Genres,Reality TV,,,
326,SPSHQ5,Romance,Genres,Romance,,,
652,SPSHQ5,Science Fiction,Genres,Science Fiction,,,
642,SPSHQ5,Soap Opera,Genres,Soap Opera,,,
643,SPSHQ5,Special Interest (Indie/Art House),Genres,Special Interest (Indie/Art House),,,
370,SPSHQ5,Sports Radio,Genres,Sports Radio,,,
371,SPSHQ5,Talk Radio,Genres,Talk Radio,,,
376,SPSHQ5,Public Radio,Genres,Talk Radio,Public Radio,,
A0AH3G,SPSHQ5,Talk Show,Genres,Talk Show,,,
KHPC5A,SPSHQ5,True Crime,Genres,True Crime,,,
KHPC6A,SPSHQ5,Western,Genres,Western,,,SCD
51,SPSHQ5,Young Adult,Genres,Young Adult,,,
700,SPSHQ5,Thriller,Genres,Thriller,,,
223,,Healthy Living,Healthy Living,,,,
224,223,Children's Health,Healthy Living,Children's Health,,,
225,223,Fitness and Exercise,Healthy Living,Fitness and Exercise,,,
226,225,Participant Sports,Healthy Living,Fitness and Exercise,Participant Sports,,
227,225,Running and Jogging,Healthy Living,Fitness and Exercise,Running and Jogging,,
228,223,Men's Health,Healthy Living,Men's Health,,,SCD
229,223,Nutrition,Healthy Living,Nutrition,,,
230,223,Senior Health,Healthy Living,Senior Health,,,
231,223,Weight Loss,Healthy Living,Weight Loss,,,
232,223,Wellness,Healthy Living,Wellness,,,
233,232,Alternative Medicine,Healthy Living,Wellness,Alternative Medicine,,
234,233,Herbs and Supplements,Healthy Living,Wellness,Alternative Medicine,Herbs and Supplements,SCD
235,233,Holistic Health,Healthy Living,Wellness,Alternative Medicine,Holistic Health,
236,232,Physical Therapy,Healthy Living,Wellness,Physical Therapy,,
237,232,Smoking Cessation,Healthy Living,Wellness,Smoking Cessation,,
238,223,Women's Health,Healthy Living,Women's Health,,,
239,,Hobbies & Interests,Hobbies & Interests,,,,
240,239,Antiquing and Antiques,Hobbies & Interests,Antiquing and Antiques,,,
248,239,Arts and Crafts,Hobbies & Interests,Arts and Crafts,,,
249,248,Beadwork,Hobbies & Interests,Arts and Crafts,Beadwork,,
250,248,Candle and Soap Making,Hobbies & Interests,Arts and Crafts,Candle and Soap Making,,
251,248,Drawing and Sketching,Hobbies & Interests,Arts and Crafts,Drawing and Sketching,,
252,248,Jewelry Making,Hobbies & Interests,Arts and Crafts,Jewelry Making,,
253,248,Needlework,Hobbies & Interests,Arts and Crafts,Needlework,,
254,248,Painting,Hobbies & Interests,Arts and Crafts,Painting,,
255,248,Photography,Hobbies & Interests,Arts and Crafts,Photography,,
256,248,Scrapbooking,Hobbies & Interests,Arts and Crafts,Scrapbooking,,
257,248,Woodworking,Hobbies & Interests,Arts and Crafts,Woodworking,,
258,239,Beekeeping,Hobbies & Interests,Beekeeping,,,
259,239,Birdwatching,Hobbies & Interests,Birdwatching,,,
260,239,Cigars,Hobbies & Interests,Cigars,,,
261,239,Collecting,Hobbies & Interests,Collecting,,,
262,261,Comic Books,Hobbies & Interests,Collecting,Comic Books,,
263,261,Stamps and Coins,Hobbies & Interests,Collecting,Stamps and Coins,,
264,239,Content Production,Hobbies & Interests,Content Production,,,
265,264,Audio Production,Hobbies & Interests,Content Production,Audio Production,,
266,264,Freelance Writing,Hobbies & Interests,Content Production,Freelance Writing,,
267,264,Screenwriting,Hobbies & Interests,Content Production,Screenwriting,,
268,264,Video Production,Hobbies & Interests,Content Production,Video Production,,
269,239,Games and Puzzles,Hobbies & Interests,Games and Puzzles,,,
270,269,Board Games and Puzzles,Hobbies & Interests,Games and Puzzles,Board Games and Puzzles,,
271,269,Card Games,Hobbies & Interests,Games and Puzzles,Card Games,,
272,269,Roleplaying Games,Hobbies & Interests,Games and Puzzles,Roleplaying Games,,
273,239,Genealogy and Ancestry,Hobbies & Interests,Genealogy and Ancestry,,,
241,239,Magic and Illusion,Hobbies & Interests,Magic and Illusion,,,
242,239,Model Toys,Hobbies & Interests,Model Toys,,,
243,239,Musical Instruments,Hobbies & Interests,Musical Instruments,,,
244,239,Paranormal Phenomena,Hobbies & Interests,Paranormal Phenomena,,,
245,239,Radio Control,Hobbies & Interests,Radio Control,,,
246,239,Sci-fi and Fantasy,Hobbies & Interests,Sci-fi and Fantasy,,,
247,239,Workshops and Classes,Hobbies & Interests,Workshops and Classes,,,
1KXCLD,,Holidays,Holidays,,,,
157,1KXCLD,National & Civic Holidays,Holidays,National & Civic Holidays,,,
274,,Home & Garden,Home & Garden,,,,
275,274,Gardening,Home & Garden,Gardening,,,
278,274,Home Appliances,Home & Garden,Home Appliances,,,
279,274,Home Entertaining,Home & Garden,Home Entertaining,,,
280,274,Home Improvement,Home & Garden,Home Improvement,,,
281,274,Home Security,Home & Garden,Home Security,,,
282,274,Indoor Environmental Quality,Home & Garden,Indoor Environmental Quality,,,
283,274,Interior Decorating,Home & Garden,Interior Decorating,,,
284,274,Landscaping,Home & Garden,Landscaping,,,
285,274,Outdoor Decorating,Home & Garden,Outdoor Decorating,,,
276,274,Remodeling & Construction,Home & Garden,Remodeling & Construction,,,
277,274,Smart Home,Home & Garden,Smart Home,,,SCD
383,,Law,Law,,,,SCD
286,,Medical Health,Medical Health,,,,SCD
323,286,Cosmetic Medical Services,Medical Health,Cosmetic Medical Services,,,SCD
287,286,Diseases and Conditions,Medical Health,Diseases and Conditions,,,SCD
288,287,Allergies,Medical Health,Diseases and Conditions,Allergies,,SCD
306,287,Blood Disorders,Medical Health,Diseases and Conditions,Blood Disorders,,SCD
312,287,Bone and Joint Conditions,Medical Health,Diseases and Conditions,Bone and Joint Conditions,,SCD
313,287,Brain and Nervous System Disorders,Medical Health,Diseases and Conditions,Brain and Nervous System Disorders,,SCD
314,287,Cancer,Medical Health,Diseases and Conditions,Cancer,,SCD
315,287,Cold and Flu,Medical Health,Diseases and Conditions,Cold and Flu,,SCD
316,287,Dental Health,Medical Health,Diseases and Conditions,Dental Health,,SCD
317,287,Diabetes,Medical Health,Diseases and Conditions,Diabetes,,SCD
318,287,Digestive Disorders,Medical Health,Diseases and Conditions,Digestive Disorders,,SCD
289,287,"Ear, Nose and Throat Conditions",Medical Health,Diseases and Conditions,"Ear, Nose and Throat Conditions",,SCD
290,287,Endocrine and Metabolic Diseases,Medical Health,Diseases and Conditions,Endocrine and Metabolic Diseases,,SCD
291,290,Hormonal Disorders,Medical Health,Diseases and Conditions,Endocrine and Metabolic Diseases,Hormonal Disorders,SCD
292,290,Menopause,Medical Health,Diseases and Conditions,Endocrine and Metabolic Diseases,Menopause,SCD
293,290,Thyroid Disorders,Medical Health,Diseases and Conditions,Endocrine and Metabolic Diseases,Thyroid Disorders,SCD
294,287,Eye and Vision Conditions,Medical Health,Diseases and Conditions,Eye and Vision Conditions,,SCD
295,287,Foot Health,Medical Health,Diseases and Conditions,Foot Health,,SCD
296,287,Heart and Cardiovascular Diseases,Medical Health,Diseases and Conditions,Heart and Cardiovascular Diseases,,SCD
297,287,Infectious Diseases,Medical Health,Diseases and Conditions,Infectious Diseases,,SCD
298,287,Injuries,Medical Health,Diseases and Conditions,Injuries,,SCD
299,298,First Aid,Medical Health,Diseases and Conditions,Injuries,First Aid,SCD
300,287,Lung and Respiratory Health,Medical Health,Diseases and Conditions,Lung and Respiratory Health,,SCD
301,287,Mental Health,Medical Health,Diseases and Conditions,Mental Health,,SCD
302,287,Reproductive Health,Medical Health,Diseases and Conditions,Reproductive Health,,SCD
303,302,Birth Control,Medical Health,Diseases and Conditions,Reproductive Health,Birth Control,SCD
304,302,Infertility,Medical Health,Diseases and Conditions,Reproductive Health,Infertility,SCD
305,302,Pregnancy,Medical Health,Diseases and Conditions,Reproductive Health,Pregnancy,SCD
307,287,Sexual Health,Medical Health,Diseases and Conditions,Sexual Health,,SCD
308,307,Sexual Conditions,Medical Health,Diseases and Conditions,Sexual Health,Sexual Conditions,SCD
309,287,Skin and Dermatology,Medical Health,Diseases and Conditions,Skin and Dermatology,,SCD
310,287,Sleep Disorders,Medical Health,Diseases and Conditions,Sleep Disorders,,SCD
311,287,Substance Abuse,Medical Health,Diseases and Conditions,Substance Abuse,,SCD
319,286,Medical Tests,Medical Health,Medical Tests,,,
320,286,Pharmaceutical Drugs,Medical Health,Pharmaceutical Drugs,,,
321,286,Surgery,Medical Health,Surgery,,,
322,286,Vaccines,Medical Health,Vaccines,,,
342,338,Adult Album Alternative,Entertainment,Adult Album Alternative,,,
339,338,Adult Contemporary Music,Entertainment,Adult Contemporary Music,,,
340,339,Soft AC Music,Entertainment,Adult Contemporary Music,Soft AC Music,,
341,339,Urban AC Music,Entertainment,Adult Contemporary Music,Urban AC Music,,
343,338,Alternative Music,Entertainment,Alternative Music,,,
360,338,Blues,Entertainment,Blues,,,
344,338,Children's Music,Entertainment,Children's Music,,,
345,338,Classic Hits,Entertainment,Classic Hits,,,
346,338,Classical Music,Entertainment,Classical Music,,,
347,338,College Radio,Entertainment,College Radio,,,
348,338,Comedy (Music and Audio),Entertainment,Comedy (Music and Audio),,,
349,338,Contemporary Hits/Pop/Top 40,Entertainment,Contemporary Hits/Pop/Top 40,,,
350,338,Country Music,Entertainment,Country Music,,,
351,338,Dance and Electronic Music,Entertainment,Dance and Electronic Music,,,
354,338,Gospel Music,Entertainment,Gospel Music,,,
355,338,Hip Hop Music,Entertainment,Hip Hop Music,,,
356,338,Inspirational/New Age Music,Entertainment,Inspirational/New Age Music,,,
357,338,Jazz,Entertainment,Jazz,,,
358,338,Oldies/Adult Standards,Entertainment,Oldies/Adult Standards,,,
362,338,R&B/Soul/Funk,Entertainment,R&B/Soul/Funk,,,
359,338,Reggae,Entertainment,Reggae,,,
361,338,Religious (Music and Audio),Entertainment,Religious (Music and Audio),,,
363,338,Rock Music,Entertainment,Rock Music,,,
364,363,Album-oriented Rock,Entertainment,Rock Music,Album-oriented Rock,,
365,363,Alternative Rock,Entertainment,Rock Music,Alternative Rock,,
366,363,Classic Rock,Entertainment,Rock Music,Classic Rock,,
367,363,Hard Rock,Entertainment,Rock Music,Hard Rock,,
368,363,Soft Rock,Entertainment,Rock Music,Soft Rock,,
353,338,Songwriters/Folk,Entertainment,Songwriters/Folk,,,
369,338,"Soundtracks, TV and Showtunes",Entertainment,"Soundtracks, TV and Showtunes",,,
352,338,World/International Music,Entertainment,World/International Music,,,
377,338,Urban Contemporary Music,Entertainment,Urban Contemporary Music,,,
378,338,Variety (Music and Audio),Entertainment,Variety (Music and Audio),,,
163,,Personal Celebrations & Life Events,Personal Celebrations & Life Events,,,,
164,163,Anniversary,Personal Celebrations & Life Events,Anniversary,,,
166,163,Baby Shower,Personal Celebrations & Life Events,Baby Shower,,,
167,163,Bachelor Party,Personal Celebrations & Life Events,Bachelor Party,,,
168,163,Bachelorette Party,Personal Celebrations & Life Events,Bachelorette Party,,,
169,163,Birth,Personal Celebrations & Life Events,Birth,,,
170,163,Birthday,Personal Celebrations & Life Events,Birthday,,,
171,163,Funeral,Personal Celebrations & Life Events,Funeral,,,
172,163,Graduation,Personal Celebrations & Life Events,Graduation,,,
173,163,Prom,Personal Celebrations & Life Events,Prom,,,
165,163,Wedding,Personal Celebrations & Life Events,Wedding,,,
391,,Personal Finance,Personal Finance,,,,
392,391,Consumer Banking,Personal Finance,Consumer Banking,,,
393,391,Financial Assistance,Personal Finance,Financial Assistance,,,
394,393,Government Support and Welfare,Personal Finance,Financial Assistance,Government Support and Welfare,,
395,393,Student Financial Aid,Personal Finance,Financial Assistance,Student Financial Aid,,
396,391,Financial Planning,Personal Finance,Financial Planning,,,
397,391,Frugal Living,Personal Finance,Frugal Living,,,
417,391,Home Utilities,Personal Finance,Home Utilities,,,
418,417,Gas and Electric,Personal Finance,Home Utilities,Gas and Electric,,
419,417,Internet Service Providers,Personal Finance,Home Utilities,Internet Service Providers,,
420,417,Phone Services,Personal Finance,Home Utilities,Phone Services,,
421,417,Water Services,Personal Finance,Home Utilities,Water Services,,
398,391,Insurance,Personal Finance,Insurance,,,
399,398,Health Insurance,Personal Finance,Insurance,Health Insurance,,
400,398,Home Insurance,Personal Finance,Insurance,Home Insurance,,
401,398,Life Insurance,Personal Finance,Insurance,Life Insurance,,
402,398,Motor Insurance,Personal Finance,Insurance,Motor Insurance,,
403,398,Pet Insurance,Personal Finance,Insurance,Pet Insurance,,
404,398,Travel Insurance,Personal Finance,Insurance,Travel Insurance,,
405,391,Personal Debt,Personal Finance,Personal Debt,,,
406,405,Credit Cards,Personal Finance,Personal Debt,Credit Cards,,SCD
407,405,Home Financing,Personal Finance,Personal Debt,Home Financing,,
408,405,Personal Loans,Personal Finance,Personal Debt,Personal Loans,,
409,405,Student Loans,Personal Finance,Personal Debt,Student Loans,,
410,391,Personal Investing,Personal Finance,Personal Investing,,,
411,410,Hedge Funds,Personal Finance,Personal Investing,Hedge Funds,,
412,410,Mutual Funds,Personal Finance,Personal Investing,Mutual Funds,,
413,410,Options,Personal Finance,Personal Investing,Options,,
414,410,Stocks and Bonds,Personal Finance,Personal Investing,Stocks and Bonds,,
415,391,Personal Taxes,Personal Finance,Personal Taxes,,,
416,391,Retirement Planning,Personal Finance,Retirement Planning,,,
422,,Pets,Pets,,,,
423,422,Birds,Pets,Birds,,,
424,422,Cats,Pets,Cats,,,
425,422,Dogs,Pets,Dogs,,,
426,422,Fish and Aquariums,Pets,Fish and Aquariums,,,
427,422,Large Animals,Pets,Large Animals,,,
428,422,Pet Adoptions,Pets,Pet Adoptions,,,
431,422,Pet Supplies,Pets,Pet Supplies,,,SCD
429,422,Reptiles,Pets,Reptiles,,,SCD
430,422,Veterinary Medicine,Pets,Veterinary Medicine,,,
386,,Politics,Politics,,,,
8YPBBL,386,Civic affairs,Politics,Civic affairs,,,
387,386,Elections,Politics,Elections,,,
388,386,Political Issues & Policy,Politics,Political Issues & Policy,,,
432,,Pop Culture,Pop Culture,,,,
433,432,Celebrity Deaths,Pop Culture,Celebrity Deaths,,,
434,432,Celebrity Families,Pop Culture,Celebrity Families,,,
435,432,Celebrity Homes,Pop Culture,Celebrity Homes,,,
436,432,Celebrity Pregnancy,Pop Culture,Celebrity Pregnancy,,,
437,432,Celebrity Relationships,Pop Culture,Celebrity Relationships,,,
438,432,Celebrity Scandal,Pop Culture,Celebrity Scandal,,,
439,432,Celebrity Style,Pop Culture,Celebrity Style,,,
440,432,Humor and Satire,Pop Culture,Humor and Satire,,,
W3CW2J,602,Productivity,Technology & Computing,Computing,Computer Software and Applications,Productivity,
441,,Real Estate,Real Estate,,,,
442,441,Apartments,Real Estate,Apartments,,,
445,441,Developmental Sites,Real Estate,Developmental Sites,,,
446,441,Hotel Properties,Real Estate,Hotel Properties,,,
447,441,Houses,Real Estate,Houses,,,
448,441,Industrial Property,Real Estate,Industrial Property,,,
449,441,Land and Farms,Real Estate,Land and Farms,,,
450,441,Office Property,Real Estate,Office Property,,,
451,441,Real Estate Buying and Selling,Real Estate,Real Estate Buying and Selling,,,SCD
452,441,Real Estate Renting and Leasing,Real Estate,Real Estate Renting and Leasing,,,SCD
443,441,Retail Property,Real Estate,Retail Property,,,SCD
444,441,Vacation Properties,Real Estate,Vacation Properties,,,SCD
453,,Religion & Spirituality,Religion & Spirituality,,,,SCD
454,453,Agnosticism,Religion & Spirituality,Agnosticism,,,SCD
456,453,Astrology,Religion & Spirituality,Astrology,,,SCD
457,453,Atheism,Religion & Spirituality,Atheism,,,SCD
458,453,Buddhism,Religion & Spirituality,Buddhism,,,SCD
459,453,Christianity,Religion & Spirituality,Christianity,,,SCD
460,453,Hinduism,Religion & Spirituality,Hinduism,,,SCD
461,453,Islam,Religion & Spirituality,Islam,,,SCD
462,453,Judaism,Religion & Spirituality,Judaism,,,
463,453,Sikhism,Religion & Spirituality,Sikhism,,,
455,453,Spirituality,Religion & Spirituality,Spirituality,,,SCD
464,,Science,Science,,,,
465,464,Biological Sciences,Science,Biological Sciences,,,
466,464,Chemistry,Science,Chemistry,,,
467,464,Environment,Science,Environment,,,
468,464,Genetics,Science,Genetics,,,
469,464,Geography,Science,Geography,,,
470,464,Geology,Science,Geology,,,
471,464,Physics,Science,Physics,,,
472,464,Space and Astronomy,Science,Space and Astronomy,,,
390,464,Weather,Science,Weather,,,
v9i3On,,Sensitive Topics,Sensitive Topics,,,,
Rm3SiT,v9i3On,Adult & Explicit Sexual Content,Sensitive Topics,Adult & Explicit Sexual Content,,,
avbNf2,v9i3On,Arms & Ammunition,Sensitive Topics,Arms & Ammunition,,,
XtODT3,v9i3On,"Crime & Harmful Acts to Individuals, Society & Human Right Violations",Sensitive Topics,"Crime & Harmful Acts to Individuals, Society & Human Right Violations",,,
I4GWl6,v9i3On,"Death, Injury, or Military Conflict",Sensitive Topics,"Death, Injury, or Military Conflict",,,
Z7rJBM,v9i3On,Debated Sensitive Social Issues,Sensitive Topics,Debated Sensitive Social Issues,,,
HxqYV1,v9i3On,Hate Speech and Acts of Aggression,Sensitive Topics,Hate Speech and Acts of Aggression,,,
pg0WhF,v9i3On,"Illegal Drugs, Tobacco, eCigarettes, Vaping, Alcohol",Sensitive Topics,"Illegal Drugs, Tobacco, eCigarettes, Vaping, Alcohol",,,
j9PaO9,v9i3On,Obscenity and Profanity,Sensitive Topics,Obscenity and Profanity,,,
mm3UXx,v9i3On,Online Piracy,Sensitive Topics,Online Piracy,,,
6i4dB6,v9i3On,Spam or Harmful Content,Sensitive Topics,Spam or Harmful Content,,,
8FD8nI,v9i3On,Terrorism,Sensitive Topics,Terrorism,,,
473,,Shopping,Shopping,,,,
482,473,Children's Games and Toys,Shopping,Children's Games and Toys,,,
474,473,Coupons and Discounts,Shopping,Coupons and Discounts,,,
475,473,Flower Shopping,Shopping,Flower Shopping,,,
476,473,Gifts and Greetings Cards,Shopping,Gifts and Greetings Cards,,,
477,473,Grocery Shopping,Shopping,Grocery Shopping,,,
478,473,Holiday Shopping,Shopping,Holiday Shopping,,,
479,473,Household Supplies,Shopping,Household Supplies,,,
480,473,Lotteries and Scratchcards,Shopping,Lotteries and Scratchcards,,,
161,473,Party Supplies and Decorations,Shopping,Party Supplies and Decorations,,,
481,473,Sales and Promotions,Shopping,Sales and Promotions,,,
483,,Sports,Sports,,,,
484,483,American Football,Sports,American Football,,,
507,483,Australian Rules Football,Sports,Australian Rules Football,,,
518,483,Auto Racing,Sports,Auto Racing,,,SCD
519,518,Motorcycle Sports,Sports,Auto Racing,Motorcycle Sports,,
534,483,Badminton,Sports,Badminton,,,
545,483,Baseball,Sports,Baseball,,,
547,483,Basketball,Sports,Basketball,,,
548,483,Beach Volleyball,Sports,Beach Volleyball,,,
549,483,Bodybuilding,Sports,Bodybuilding,,,
550,483,Bowling,Sports,Bowling,,,
485,483,Boxing,Sports,Boxing,,,
486,483,Cheerleading,Sports,Cheerleading,,,
487,483,College Sports,Sports,College Sports,,,
490,487,College Baseball,Sports,College Sports,College Baseball,,
489,487,College Basketball,Sports,College Sports,College Basketball,,
488,487,College Football,Sports,College Sports,College Football,,
491,483,Cricket,Sports,Cricket,,,
492,483,Cycling,Sports,Cycling,,,
493,483,Darts,Sports,Darts,,,
494,483,Disabled Sports,Sports,Disabled Sports,,,
495,483,Diving,Sports,Diving,,,
496,483,Equine Sports,Sports,Equine Sports,,,
497,483,Horse Racing,Sports,Equine Sports,Horse Racing,,
498,483,Extreme Sports,Sports,Extreme Sports,,,
499,498,Canoeing and Kayaking,Sports,Extreme Sports,Canoeing and Kayaking,,
500,498,Climbing,Sports,Extreme Sports,Climbing,,
501,498,Paintball,Sports,Extreme Sports,Paintball,,
502,498,Scuba Diving,Sports,Extreme Sports,Scuba Diving,,
503,498,Skateboarding,Sports,Extreme Sports,Skateboarding,,
504,498,Snowboarding,Sports,Extreme Sports,Snowboarding,,
505,498,Surfing and Bodyboarding,Sports,Extreme Sports,Surfing and Bodyboarding,,
506,498,Waterskiing and Wakeboarding,Sports,Extreme Sports,Waterskiing and Wakeboarding,,
508,483,Fantasy Sports,Sports,Fantasy Sports,,,
509,483,Field Hockey,Sports,Field Hockey,,,
510,483,Figure Skating,Sports,Figure Skating,,,
511,483,Fishing Sports,Sports,Fishing Sports,,,
512,483,Golf,Sports,Golf,,,
513,483,Gymnastics,Sports,Gymnastics,,,
514,483,Hunting and Shooting,Sports,Hunting and Shooting,,,
515,483,Ice Hockey,Sports,Ice Hockey,,,
516,483,Inline Skating,Sports,Inline Skating,,,
517,483,Lacrosse,Sports,Lacrosse,,,
520,483,Martial Arts,Sports,Martial Arts,,,
521,483,Olympic Sports,Sports,Olympic Sports,,,
522,521,Summer Olympic Sports,Sports,Olympic Sports,Summer Olympic Sports,,
523,521,Winter Olympic Sports,Sports,Olympic Sports,Winter Olympic Sports,,
524,483,Poker and Professional Gambling,Sports,Poker and Professional Gambling,,,
525,483,Rodeo,Sports,Rodeo,,,
526,483,Rowing,Sports,Rowing,,,
527,483,Rugby,Sports,Rugby,,,
528,527,Rugby League,Sports,Rugby,Rugby League,,
529,527,Rugby Union,Sports,Rugby,Rugby Union,,
530,483,Sailing,Sports,Sailing,,,
531,483,Skiing,Sports,Skiing,,,
532,483,Snooker/Pool/Billiards,Sports,Snooker/Pool/Billiards,,,
533,483,Soccer,Sports,Soccer,,,
535,483,Softball,Sports,Softball,,,
551,483,Sports Equipment,Sports,Sports Equipment,,,
536,483,Squash,Sports,Squash,,,
537,483,Swimming,Sports,Swimming,,,
538,483,Table Tennis,Sports,Table Tennis,,,
539,483,Tennis,Sports,Tennis,,,
540,483,Track and Field,Sports,Track and Field,,,
541,483,Volleyball,Sports,Volleyball,,,
542,483,Walking,Sports,Walking,,,
543,483,Water Polo,Sports,Water Polo,,,
544,483,Weightlifting,Sports,Weightlifting,,,
546,483,Wrestling,Sports,Wrestling,,,
552,,Style & Fashion,Style & Fashion,,,,
553,552,Beauty,Style & Fashion,Beauty,,,
554,553,Hair Care,Style & Fashion,Beauty,Hair Care,,
555,553,Makeup and Accessories,Style & Fashion,Beauty,Makeup and Accessories,,
556,553,Nail Care,Style & Fashion,Beauty,Nail Care,,
557,553,Natural and Organic Beauty,Style & Fashion,Beauty,Natural and Organic Beauty,,
558,553,Perfume and Fragrance,Style & Fashion,Beauty,Perfume and Fragrance,,
559,553,Skin Care,Style & Fashion,Beauty,Skin Care,,
574,552,Body Art,Style & Fashion,Body Art,,,
575,552,Children's Clothing,Style & Fashion,Children's Clothing,,,
576,552,Designer Clothing,Style & Fashion,Designer Clothing,,,
577,552,Fashion Trends,Style & Fashion,Fashion Trends,,,
578,552,High Fashion,Style & Fashion,High Fashion,,,
579,552,Men's Fashion,Style & Fashion,Men's Fashion,,,
580,579,Men's Accessories,Style & Fashion,Men's Fashion,Men's Accessories,,
581,580,Men's Jewelry and Watches,Style & Fashion,Men's Fashion,Men's Accessories,Men's Jewelry and Watches,
582,579,Men's Clothing,Style & Fashion,Men's Fashion,Men's Clothing,,
583,582,Men's Business Wear,Style & Fashion,Men's Fashion,Men's Clothing,Men's Business Wear,
584,582,Men's Casual Wear,Style & Fashion,Men's Fashion,Men's Clothing,Men's Casual Wear,
585,582,Men's Formal Wear,Style & Fashion,Men's Fashion,Men's Clothing,Men's Formal Wear,
586,582,Men's Outerwear,Style & Fashion,Men's Fashion,Men's Clothing,Men's Outerwear,
587,582,Men's Sportswear,Style & Fashion,Men's Fashion,Men's Clothing,Men's Sportswear,
588,582,Men's Underwear and Sleepwear,Style & Fashion,Men's Fashion,Men's Clothing,Men's Underwear and Sleepwear,
589,579,Men's Shoes and Footwear,Style & Fashion,Men's Fashion,Men's Shoes and Footwear,,
590,552,Personal Care,Style & Fashion,Personal Care,,,
591,590,Bath and Shower,Style & Fashion,Personal Care,Bath and Shower,,
592,590,Deodorant and Antiperspirant,Style & Fashion,Personal Care,Deodorant and Antiperspirant,,
593,590,Oral care,Style & Fashion,Personal Care,Oral care,,
594,590,Shaving,Style & Fashion,Personal Care,Shaving,,
595,552,Street Style,Style & Fashion,Street Style,,,
560,552,Women's Fashion,Style & Fashion,Women's Fashion,,,
561,560,Women's Accessories,Style & Fashion,Women's Fashion,Women's Accessories,,
562,561,Women's Glasses,Style & Fashion,Women's Fashion,Women's Accessories,Women's Glasses,
563,561,Women's Handbags and Wallets,Style & Fashion,Women's Fashion,Women's Accessories,Women's Handbags and Wallets,
564,561,Women's Hats and Scarves,Style & Fashion,Women's Fashion,Women's Accessories,Women's Hats and Scarves,
565,561,Women's Jewelry and Watches,Style & Fashion,Women's Fashion,Women's Accessories,Women's Jewelry and Watches,
566,560,Women's Clothing,Style & Fashion,Women's Fashion,Women's Clothing,,
567,566,Women's Business Wear,Style & Fashion,Women's Fashion,Women's Clothing,Women's Business Wear,
568,566,Women's Casual Wear,Style & Fashion,Women's Fashion,Women's Clothing,Women's Casual Wear,
569,566,Women's Formal Wear,Style & Fashion,Women's Fashion,Women's Clothing,Women's Formal Wear,
570,566,Women's Intimates and Sleepwear,Style & Fashion,Women's Fashion,Women's Clothing,Women's Intimates and Sleepwear,
571,566,Women's Outerwear,Style & Fashion,Women's Fashion,Women's Clothing,Women's Outerwear,
572,566,Women's Sportswear,Style & Fashion,Women's Fashion,Women's Clothing,Women's Sportswear,
573,560,Women's Shoes and Footwear,Style & Fashion,Women's Fashion,Women's Shoes and Footwear,,
596,,Technology & Computing,Technology & Computing,,,,
597,596,Artificial Intelligence,Technology & Computing,Artificial Intelligence,,,
598,596,Augmented Reality,Technology & Computing,Augmented Reality,,,
599,596,Computing,Technology & Computing,Computing,,,
600,599,Computer Networking,Technology & Computing,Computing,Computer Networking,,
601,599,Computer Peripherals,Technology & Computing,Computing,Computer Peripherals,,
602,599,Computer Software and Applications,Technology & Computing,Computing,Computer Software and Applications,,
603,602,3-D Graphics,Technology & Computing,Computing,Computer Software and Applications,3-D Graphics,
608,602,Antivirus Software,Technology & Computing,Computing,Computer Software and Applications,Antivirus Software,
609,602,Browsers,Technology & Computing,Computing,Computer Software and Applications,Browsers,
610,602,Computer Animation,Technology & Computing,Computing,Computer Software and Applications,Computer Animation,
611,602,Databases,Technology & Computing,Computing,Computer Software and Applications,Databases,
612,602,Desktop Publishing,Technology & Computing,Computing,Computer Software and Applications,Desktop Publishing,
613,602,Digital Audio,Technology & Computing,Computing,Computer Software and Applications,Digital Audio,
WQC6HR,602,Maps & Navigation,Technology & Computing,Computing,Computer Software and Applications,Maps & Navigation,
614,602,Graphics Software,Technology & Computing,Computing,Computer Software and Applications,Graphics Software,
615,602,Operating Systems,Technology & Computing,Computing,Computer Software and Applications,Operating Systems,
604,602,Photo Editing Software,Technology & Computing,Computing,Computer Software and Applications,Photo Editing Software,
605,602,Shareware and Freeware,Technology & Computing,Computing,Computer Software and Applications,Shareware and Freeware,
606,602,Video Software,Technology & Computing,Computing,Computer Software and Applications,Video Software,
607,602,Web Conferencing,Technology & Computing,Computing,Computer Software and Applications,Web Conferencing,
616,599,Data Storage and Warehousing,Technology & Computing,Computing,Data Storage and Warehousing,,
617,599,Desktops,Technology & Computing,Computing,Desktops,,
618,599,Information and Network Security,Technology & Computing,Computing,Information and Network Security,,
619,599,Internet,Technology & Computing,Computing,Internet,,
620,619,Cloud Computing,Technology & Computing,Computing,Internet,Cloud Computing,
623,619,Email,Technology & Computing,Computing,Internet,Email,
624,619,Internet for Beginners,Technology & Computing,Computing,Internet,Internet for Beginners,
625,619,Internet of Things,Technology & Computing,Computing,Internet,Internet of Things,
626,619,IT and Internet Support,Technology & Computing,Computing,Internet,IT and Internet Support,
627,619,Search,Technology & Computing,Computing,Internet,Search,
628,619,Social Networking,Technology & Computing,Computing,Internet,Social Networking,
629,619,Web Design and HTML,Technology & Computing,Computing,Internet,Web Design and HTML,
621,619,Web Development,Technology & Computing,Computing,Internet,Web Development,
622,619,Web Hosting,Technology & Computing,Computing,Internet,Web Hosting,
630,599,Laptops,Technology & Computing,Computing,Laptops,,
631,599,Programming Languages,Technology & Computing,Computing,Programming Languages,,
632,596,Consumer Electronics,Technology & Computing,Consumer Electronics,,,
633,632,Cameras and Camcorders,Technology & Computing,Consumer Electronics,Cameras and Camcorders,,
634,632,Home Entertainment Systems,Technology & Computing,Consumer Electronics,Home Entertainment Systems,,
635,632,Smartphones,Technology & Computing,Consumer Electronics,Smartphones,,
636,632,Tablets and E-readers,Technology & Computing,Consumer Electronics,Tablets and E-readers,,
637,632,Wearable Technology,Technology & Computing,Consumer Electronics,Wearable Technology,,
638,596,Robotics,Technology & Computing,Robotics,,,
639,596,Virtual Reality,Technology & Computing,Virtual Reality,,,
653,,Travel,Travel,,,,
654,653,Travel Accessories,Travel,Travel Accessories,,,
655,653,Travel Locations,Travel,Travel Locations,,,
656,655,Africa Travel,Travel,Travel Locations,Africa Travel,,
657,655,Asia Travel,Travel,Travel Locations,Asia Travel,,
658,655,Australia and Oceania Travel,Travel,Travel Locations,Australia and Oceania Travel,,
659,655,Europe Travel,Travel,Travel Locations,Europe Travel,,
660,655,North America Travel,Travel,Travel Locations,North America Travel,,
661,655,Polar Travel,Travel,Travel Locations,Polar Travel,,
662,655,South America Travel,Travel,Travel Locations,South America Travel,,
663,653,Travel Preparation and Advice,Travel,Travel Preparation and Advice,,,
664,653,Travel Type,Travel,Travel Type,,,
665,664,Adventure Travel,Travel,Travel Type,Adventure Travel,,
672,664,Air Travel,Travel,Travel Type,Air Travel,,
673,664,Beach Travel,Travel,Travel Type,Beach Travel,,
674,664,Bed & Breakfasts,Travel,Travel Type,Bed & Breakfasts,,
675,664,Budget Travel,Travel,Travel Type,Budget Travel,,
676,664,Business Travel,Travel,Travel Type,Business Travel,,
677,664,Camping,Travel,Travel Type,Camping,,
678,664,Cruises,Travel,Travel Type,Cruises,,
679,664,Day Trips,Travel,Travel Type,Day Trips,,
666,664,Family Travel,Travel,Travel Type,Family Travel,,
667,664,Honeymoons and Getaways,Travel,Travel Type,Honeymoons and Getaways,,
668,664,Hotels and Motels,Travel,Travel Type,Hotels and Motels,,
669,664,Rail Travel,Travel,Travel Type,Rail Travel,,
670,664,Road Trips,Travel,Travel Type,Road Trips,,
671,664,Spas,Travel,Travel Type,Spas,,
680,,Video Gaming,Video Gaming,,,,
681,680,Console Games,Video Gaming,Console Games,,,
682,680,eSports,Video Gaming,eSports,,,
683,680,Mobile Games,Video Gaming,Mobile Games,,,
684,680,PC Games,Video Gaming,PC Games,,,
685,680,Video Game Genres,Video Gaming,Video Game Genres,,,
686,685,Action Video Games,Video Gaming,Video Game Genres,Action Video Games,,
691,685,Action-Adventure Video Games,Video Gaming,Video Game Genres,Action-Adventure Video Games,,
MQ2XML,685,Adult Video Games,Video Gaming,Video Game Genres,Adult Video Games,,
692,685,Adventure Video Games,Video Gaming,Video Game Genres,Adventure Video Games,,
ZJG29S,685,Casino and Gambling Video Games,Video Gaming,Video Game Genres,Casino and Gambling Video Games,,
693,685,Casual Games,Video Gaming,Video Game Genres,Casual Games,,
694,685,Educational Video Games,Video Gaming,Video Game Genres,Educational Video Games,,
695,685,Exercise and Fitness Video Games,Video Gaming,Video Game Genres,Exercise and Fitness Video Games,,
VWGKS7,685,Family Video Games,Video Gaming,Video Game Genres,Family Video Games,,
II436J,685,Horror Video Games,Video Gaming,Video Game Genres,Horror Video Games,,
696,685,MMOs,Video Gaming,Video Game Genres,MMOs,,
697,685,Music and Party Video Games,Video Gaming,Video Game Genres,Music and Party Video Games,,
698,685,Puzzle Video Games,Video Gaming,Video Game Genres,Puzzle Video Games,,
VK7KD0,685,Racing Video Games,Video Gaming,Video Game Genres,Racing Video Games,,
687,685,Role-Playing Video Games,Video Gaming,Video Game Genres,Role-Playing Video Games,,
688,685,Simulation Video Games,Video Gaming,Video Game Genres,Simulation Video Games,,
689,685,Sports Video Games,Video Gaming,Video Game Genres,Sports Video Games,,
690,685,Strategy Video Games,Video Gaming,Video Game Genres,Strategy Video Games,,
389,,War and Conflicts,War and Conflicts,,,,
NSTR001,,Nostr,Nostr,,,,NOSTR
NSTR002,NSTR001,Nostr Applications,Nostr,Nostr Applications,,,NOSTR
NSTR003,NSTR001,Nostr Implementation Possibilities (NIPs),Nostr,Nostr Implementation Possibilities (NIPs),,,NOSTR
NSTR004,NSTR002,Nostr Social Clients,Nostr,Nostr Social Clients,,,NOSTR
NSTR005,NSTR002,Nostr Wallets,Nostr,Nostr Wallets,,,NOSTR
NSTR006,NSTR001,Nostr Communities,Nostr,Nostr Communities,,,NOSTR
NSTR007,NSTR001,Nostr Shops,Nostr,Nostr Shops,,,NOSTR
NSTR008,NSTR001,Nostr Signers,Nostr,Nostr Signers,,,NOSTR
BTC001,,Bitcoin,Bitcoin,,,,NOSTR
BTC002,BTC001,Bitcoin Wallets,Bitcoin,Bitcoin Wallets,,,NOSTR
BTC003,BTC001,Bitcoin Investments,Bitcoin,Bitcoin Investments,,,NOSTR
BTC004,BTC001,Bitcoin Improvement Proposals,Bitcoin,Bitcoin Improvement Proposals,,,NOSTR
BTC005,BTC001,Bitcoin Friendly Business,Bitcoin,Bitcoin Friendly Business,,,NOSTR
BTC006,BTC001,Bitcoin Apps,Bitcoin,Bitcoin Apps,,,NOSTR
BTC007,BTC001,Bitcoin Mempool,Bitcoin,Mempool,,,NOSTR
BTC008,BTC001,Bitcoin Tech,Bitcoin,Bitcoin Tech,,,NOSTR